zjz,-0.02925516664981842,0.0785609781742096,0.03440355136990547,-0.043728068470954895,-0.11332829296588898,0.00787341594696045,-0.07212743163108826,-0.13503241539001465,0.0814182311296463,-0.13017398118972778,0.18384350836277008,-0.047100380063056946,-0.21823197603225708,-0.08029873669147491,-0.0659659132361412,0.18679523468017578,-0.14634545147418976,-0.16390226781368256,-0.06397394835948944,0.021004371345043182,0.05305472016334534,0.05349252372980118,0.011945745907723904,0.043972935527563095,-0.05670037865638733,-0.34032270312309265,-0.09250423312187195,-0.05683028697967529,-0.041263896971940994,-0.05693836137652397,-0.07782358676195145,0.04521924629807472,-0.16850200295448303,-0.031556397676467896,0.0679561123251915,0.11957186460494995,0.008756260387599468,-0.03406292200088501,0.13893230259418488,0.01370018906891346,-0.24327638745307922,0.10334201902151108,0.03710377216339111,0.2332679033279419,0.20900197327136993,0.06972841173410416,-0.003473171964287758,-0.14480720460414886,0.14032888412475586,-0.19342637062072754,0.0323779433965683,0.11643487960100174,0.07880748808383942,0.04913682863116264,-0.031256046146154404,-0.16019943356513977,0.051223114132881165,0.04891466349363327,-0.1166677474975586,-0.001336762448772788,0.09832696616649628,-0.14113709330558777,0.021809611469507217,-0.042760055512189865,0.1815420240163803,-0.0008619794389232993,-0.11248847842216492,-0.20977576076984406,0.09218892455101013,-0.17781025171279907,-0.06349148601293564,0.08123912662267685,-0.15232574939727783,-0.14797571301460266,-0.3175724148750305,0.04539542272686958,0.4317624568939209,0.13392016291618347,-0.1698789745569229,0.028975149616599083,-0.046587903052568436,0.04269881919026375,0.09868021309375763,0.13692408800125122,0.0018386337906122208,0.005095108412206173,-0.15428999066352844,0.025965489447116852,0.23614956438541412,-0.08415651321411133,-0.044249843806028366,0.23713962733745575,-0.016311146318912506,0.15661276876926422,0.0267710629850626,0.06689400225877762,-0.058613210916519165,0.066767618060112,-0.10692005604505539,0.039970505982637405,0.022833578288555145,-0.02472580596804619,0.02099870704114437,0.13691508769989014,-0.115277498960495,0.12193876504898071,-0.09003251791000366,0.052399661391973495,0.008784713223576546,0.0056436192244291306,-0.11063743382692337,-0.06593907624483109,0.13191838562488556,-0.2209259420633316,0.1713978350162506,0.2039157599210739,0.08917491137981415,0.07963816821575165,0.13847538828849792,0.07698585093021393,-0.01639227755367756,-0.03842812031507492,-0.2566068768501282,-0.04064595699310303,0.09279971569776535,-0.020594079047441483,0.07860774546861649,0.025319399312138557
zjz,0.004129755310714245,0.07879006117582321,0.012157067656517029,-0.012731820344924927,-0.09169070422649384,-0.007496705744415522,-0.08175427466630936,-0.1358589082956314,0.08486209064722061,-0.11654316633939743,0.2404264211654663,-0.060873910784721375,-0.24956996738910675,-0.06085830554366112,-0.06064104288816452,0.18353237211704254,-0.13583186268806458,-0.13756407797336578,-0.08429411798715591,0.0386473573744297,0.05600052699446678,0.005183910019695759,0.005749847739934921,0.0488927960395813,-0.047156304121017456,-0.3463316857814789,-0.116752028465271,-0.08211544156074524,-0.023483989760279655,-0.07606115937232971,-0.09195354580879211,0.045005641877651215,-0.15291284024715424,-0.06348447501659393,0.05980803072452545,0.056615911424160004,0.0006420675199478865,-0.040259093046188354,0.18218977749347687,0.016384456306695938,-0.24081271886825562,0.11197787523269653,0.03169733285903931,0.21999463438987732,0.20153625309467316,0.10071291029453278,0.03005300462245941,-0.16133679449558258,0.1171589344739914,-0.16721601784229279,0.07312822341918945,0.14908862113952637,0.10804259032011032,0.09388203173875809,-0.04788396507501602,-0.17228077352046967,0.03503471240401268,0.07044684141874313,-0.10535340756177902,0.016600757837295532,0.12250558286905289,-0.09178872406482697,0.021403687074780464,-0.029777267947793007,0.19573187828063965,0.02640717290341854,-0.12126243114471436,-0.1766083985567093,0.09808963537216187,-0.16109536588191986,-0.0788303092122078,0.04319659620523453,-0.18618179857730865,-0.1727490872144699,-0.2889789938926697,0.0678124874830246,0.44104641675949097,0.13488447666168213,-0.19340163469314575,0.025551840662956238,-0.06344985216856003,0.016002623364329338,0.10832763463258743,0.13278506696224213,0.005799723789095879,-0.033385828137397766,-0.11015216261148453,0.006387415342032909,0.23235231637954712,-0.08019867539405823,-0.03210248425602913,0.2306409776210785,-0.031963661313056946,0.1358407586812973,0.034786950796842575,0.07656533271074295,-0.05531192570924759,0.058133821934461594,-0.08703590929508209,0.023663822561502457,0.02371957153081894,-0.02975640445947647,0.013110999017953873,0.11531645804643631,-0.12017665803432465,0.12800481915473938,-0.06583430618047714,0.07468467950820923,0.045950572937726974,0.049458879977464676,-0.09451290220022202,-0.08892332762479782,0.1372373402118683,-0.20521996915340424,0.21290910243988037,0.18622638285160065,0.08183304220438004,0.07010191679000854,0.14118565618991852,0.13141481578350067,-0.0015578977763652802,-0.03163301572203636,-0.26692527532577515,-0.05281330645084381,0.10331207513809204,0.02377004362642765,0.07716783136129379,0.014336959458887577
zjz,-0.02491629682481289,0.08593413978815079,0.021920453757047653,-0.020652802661061287,-0.12327517569065094,-0.0006676171906292439,-0.07280705869197845,-0.1368655115365982,0.05081894248723984,-0.11268247663974762,0.24099254608154297,-0.07699523866176605,-0.23213283717632294,-0.046428382396698,-0.07553558051586151,0.19046156108379364,-0.13759993016719818,-0.1136263832449913,-0.09136085957288742,0.04065131023526192,0.046386271715164185,-0.00041407509706914425,0.025407355278730392,0.0648937001824379,-0.07495427131652832,-0.346262127161026,-0.12147283554077148,-0.09078682959079742,-0.03581459820270538,-0.051564961671829224,-0.048367515206336975,0.028865249827504158,-0.11955269426107407,0.0031338557600975037,0.05844150483608246,0.07435043156147003,-0.014396637678146362,-0.07208040356636047,0.19507193565368652,-0.022733516991138458,-0.24100178480148315,0.10458068549633026,0.081122025847435,0.21906213462352753,0.20758141577243805,0.07219330221414566,0.04776252806186676,-0.14871197938919067,0.15125957131385803,-0.1673949956893921,0.06233891099691391,0.12209711223840714,0.09083028882741928,0.09105341881513596,-0.02911362424492836,-0.159122496843338,0.0596841461956501,0.1147499680519104,-0.11117800325155258,0.012995262630283833,0.10572342574596405,-0.09255114197731018,0.021612534299492836,-0.04119768366217613,0.22553661465644836,0.06564397364854813,-0.14459511637687683,-0.18407084047794342,0.1032722145318985,-0.19380463659763336,-0.06494621187448502,0.05978941172361374,-0.204332172870636,-0.16453778743743896,-0.30252355337142944,0.05187562108039856,0.439807653427124,0.1521463841199875,-0.17740783095359802,-0.004743631929159164,-0.04209873452782631,0.037301935255527496,0.11442702263593674,0.16435100138187408,0.0001256316900253296,-0.07709552347660065,-0.1338350474834442,-0.006521846167743206,0.2611697316169739,-0.09337680041790009,-0.02902982197701931,0.2308984100818634,0.0003720186650753021,0.112037792801857,-0.0003397734835743904,0.042299479246139526,-0.08633102476596832,0.03836263716220856,-0.07106997817754745,0.04768502712249756,-0.021447189152240753,-0.019808899611234665,0.0067585185170173645,0.1149536743760109,-0.11852974444627762,0.12531092762947083,-0.07204186171293259,0.06631176918745041,0.030037235468626022,0.034970346838235855,-0.09485478699207306,-0.07803469896316528,0.1383962780237198,-0.19638030230998993,0.19758905470371246,0.1638769507408142,0.10076931118965149,0.0718349739909172,0.14798112213611603,0.13485847413539886,-0.011717955581843853,-0.009952344931662083,-0.2491891086101532,-0.024140000343322754,0.09143839031457901,-0.022304687649011612,0.08093809336423874,0.0021954886615276337
zjz,0.019560959190130234,0.07342574745416641,0.014673742465674877,-0.027929993346333504,-0.10597730427980423,0.0268572811037302,-0.07593420147895813,-0.1423717886209488,0.08053489774465561,-0.1375223696231842,0.25856730341911316,-0.08730604499578476,-0.2635142207145691,-0.06079685688018799,-0.06961608678102493,0.1945524513721466,-0.13235725462436676,-0.10104783624410629,-0.08667024224996567,0.01777016557753086,0.04371214285492897,0.006559328176081181,0.051991093903779984,0.05100404471158981,-0.04073575884103775,-0.35337507724761963,-0.12373746186494827,-0.08628415316343307,-0.021129805594682693,-0.07803775370121002,-0.08668392151594162,0.06532471626996994,-0.11521488428115845,-0.028518175706267357,0.04401293769478798,0.060452900826931,-0.0036754957400262356,-0.061925407499074936,0.19636507332324982,-0.0006220126524567604,-0.22874386608600616,0.0858897715806961,0.04227253049612045,0.21521532535552979,0.2089989334344864,0.07035250216722488,0.025285055860877037,-0.16084101796150208,0.12917013466358185,-0.15397417545318604,0.07665865123271942,0.1441887766122818,0.12213297188282013,0.08093173801898956,-0.05134433135390282,-0.13171015679836273,0.05686674639582634,0.10206779092550278,-0.12361966818571091,0.00302231777459383,0.11972633004188538,-0.08961887657642365,-0.0033947965130209923,-0.011104384437203407,0.18177393078804016,0.06610418856143951,-0.12727604806423187,-0.18155182898044586,0.09375007450580597,-0.1764572560787201,-0.0689886063337326,0.047488801181316376,-0.21605893969535828,-0.1807333081960678,-0.2776299715042114,0.044017232954502106,0.41981038451194763,0.12495599687099457,-0.1907983273267746,0.003222089260816574,-0.02894095703959465,0.01696091517806053,0.1364431083202362,0.171134352684021,-0.00621713325381279,-0.0699421688914299,-0.10351700335741043,0.017967572435736656,0.2020723968744278,-0.11593258380889893,-0.039015550166368484,0.2564607262611389,-0.013721844181418419,0.11819024384021759,0.030477309599518776,0.09164014458656311,-0.039962537586688995,0.07401146739721298,-0.0784536749124527,0.04523930326104164,0.03915946185588837,-0.04190174490213394,0.003923144657164812,0.08940985053777695,-0.13443170487880707,0.12542417645454407,-0.06968022882938385,0.07605944573879242,0.08853338658809662,-0.0020955840591341257,-0.08363856375217438,-0.09755092114210129,0.16246794164180756,-0.20829497277736664,0.15855802595615387,0.19104495644569397,0.05973561480641365,0.07543279975652695,0.13499653339385986,0.15928581357002258,0.0217498280107975,-0.04750022292137146,-0.26667535305023193,-0.025652876123785973,0.10232594609260559,0.008159399963915348,0.03885451704263687,-0.0055624875240027905
zjz,-0.027928456664085388,0.10621532797813416,0.028100276365876198,0.0023586160968989134,-0.1579837203025818,-0.02222706377506256,-0.05415717512369156,-0.10537328571081161,0.09781517833471298,-0.09761273115873337,0.18566328287124634,-0.06752380728721619,-0.20896440744400024,-0.01814883202314377,-0.05566081032156944,0.18488866090774536,-0.16770227253437042,-0.15672509372234344,-0.06872335076332092,0.02710564434528351,0.058186016976833344,0.0429869145154953,0.010366516187787056,0.055277664214372635,-0.07415134459733963,-0.3588705062866211,-0.07865314930677414,-0.0907486230134964,-0.02200227417051792,-0.059575155377388,-0.07574298977851868,0.05435704439878464,-0.14598451554775238,-0.04154467582702637,0.0642014592885971,0.08127186447381973,-0.023415733128786087,-0.058991689234972,0.1924283504486084,0.01424416247755289,-0.2881346642971039,0.11144684255123138,0.06656932085752487,0.24195212125778198,0.1940370351076126,0.07305824756622314,0.006533898413181305,-0.1498241126537323,0.1280539631843567,-0.1861206442117691,0.040804967284202576,0.14180555939674377,0.07643574476242065,0.069466233253479,-0.04477950558066368,-0.1728314906358719,0.031089697033166885,0.03760896250605583,-0.1392284631729126,-0.018507178872823715,0.12140829861164093,-0.10181495547294617,0.02607060968875885,-0.06430626660585403,0.21205052733421326,0.027185849845409393,-0.109967902302742,-0.1720036268234253,0.0828896015882492,-0.19032643735408783,-0.08938314020633698,0.07456205040216446,-0.15307630598545074,-0.16845814883708954,-0.30636870861053467,0.040855854749679565,0.441591739654541,0.12145232409238815,-0.13334684073925018,0.02162371203303337,-0.0447305291891098,-0.00572544801980257,0.07736551761627197,0.16555243730545044,-0.018361574038863182,0.001570207066833973,-0.11921057850122452,0.04479805752635002,0.249435156583786,-0.0929175317287445,-0.027289845049381256,0.23132140934467316,0.0077585745602846146,0.14544135332107544,-0.00016413256525993347,0.05644135922193527,-0.06318110972642899,0.0628105103969574,-0.11242856085300446,0.04203347861766815,0.013876695185899734,-0.01166155468672514,0.00878372322767973,0.12559078633785248,-0.1501021683216095,0.10275012999773026,-0.05235175043344498,0.027935557067394257,0.0007707350887358189,0.011267527006566525,-0.1079520657658577,-0.0656709298491478,0.13931524753570557,-0.20821942389011383,0.18756304681301117,0.18832767009735107,0.10920925438404083,0.08220189809799194,0.14111527800559998,0.044523220509290695,-0.0032833898440003395,-0.051012858748435974,-0.2822401821613312,-0.013468487188220024,0.11940537393093109,-0.01877736672759056,0.07197693735361099,0.037630047649145126
cyz,-0.013194532133638859,0.11879383772611618,0.010070418938994408,-0.0768074169754982,-0.08418481051921844,-0.07419241964817047,-0.06577736139297485,-0.08655819296836853,0.14550374448299408,-0.1199565902352333,0.18846914172172546,-0.0037692375481128693,-0.22810222208499908,-0.029907673597335815,-0.045160967856645584,0.1431591659784317,-0.18804435431957245,-0.14124521613121033,-0.05257175862789154,0.027196846902370453,0.0606255829334259,0.07943765819072723,0.012169589288532734,0.017590660601854324,-0.08310839533805847,-0.29326900839805603,-0.10917738825082779,-0.06881199032068253,-0.03580138459801674,-0.023169176653027534,-0.029774606227874756,0.03746467083692551,-0.1094723790884018,-0.01890963315963745,0.08226209133863449,0.0760965496301651,-0.032409362494945526,-0.05023960396647453,0.23224884271621704,0.014154077507555485,-0.22977255284786224,0.01214137114584446,0.095606230199337,0.2793179750442505,0.27716952562332153,0.03393697366118431,-0.008973060175776482,-0.13636086881160736,0.13550055027008057,-0.19274473190307617,0.008678033947944641,0.14749784767627716,0.07295917719602585,0.06917038559913635,0.03871564194560051,-0.12995240092277527,0.05446331948041916,0.09543218463659286,-0.12501023709774017,-0.06603241711854935,0.10624665021896362,-0.11589255183935165,-0.016412513330578804,-0.060474954545497894,0.2716878354549408,-0.012138597667217255,-0.1475997269153595,-0.18851248919963837,0.08424290269613266,-0.2086917608976364,-0.16061490774154663,0.06583079695701599,-0.16593077778816223,-0.12333251535892487,-0.3321837782859802,-0.013188442215323448,0.3711194694042206,0.14674019813537598,-0.14305907487869263,0.11357461661100388,-0.03922339901328087,-0.006145109888166189,0.12566392123699188,0.11029993742704391,-0.04748353362083435,0.00954102911055088,-0.15669848024845123,-0.014883989468216896,0.2702582776546478,-0.08602596819400787,-0.05450292304158211,0.14554795622825623,-0.019015606492757797,0.11492133885622025,0.027191396802663803,-0.016250235959887505,-0.07761117815971375,0.010747913271188736,-0.18997091054916382,-0.018073933199048042,0.04081328585743904,-0.00811829324811697,-0.013147909194231033,0.17473939061164856,-0.14592860639095306,0.09866776317358017,-0.025396058335900307,-0.00025909673422574997,-0.005049118772149086,-0.022497734054923058,-0.141572967171669,-0.053319066762924194,0.14654716849327087,-0.19149149954319,0.17867107689380646,0.1200585812330246,0.07768050581216812,0.07369602471590042,0.16716726124286652,0.050199955701828,-0.0717032179236412,0.008732087910175323,-0.24392028152942657,-0.045765724033117294,0.09483310580253601,0.026029277592897415,0.1889544576406479,-0.010025367140769958
cyz,-0.050903256982564926,0.1079721674323082,-0.025707479566335678,-0.0834944024682045,-0.10094482451677322,-0.05244629457592964,-0.054435186088085175,-0.06098373234272003,0.12909437716007233,-0.15373265743255615,0.20220044255256653,-0.029957033693790436,-0.22059938311576843,-0.005839400924742222,-0.0024923672899603844,0.16729171574115753,-0.2117002308368683,-0.11594348400831223,-0.07904116809368134,0.013049888424575329,0.05042915418744087,0.07292735576629639,0.015987584367394447,0.03408748283982277,-0.0862281396985054,-0.3245796263217926,-0.09471739828586578,-0.060253068804740906,0.01207338459789753,-0.010430560447275639,-0.03007279708981514,0.08074484765529633,-0.1272725760936737,-0.02399488538503647,0.0750630721449852,0.09812119603157043,-0.03705558925867081,-0.041829757392406464,0.24446026980876923,-0.003442659042775631,-0.2397754043340683,0.044390130788087845,0.10177089273929596,0.2796911299228668,0.26095059514045715,0.013864777982234955,-0.01156378909945488,-0.11118576675653458,0.09371327608823776,-0.18340502679347992,0.006865425035357475,0.12958307564258575,0.07318341732025146,0.08473291248083115,0.010957677848637104,-0.12487546354532242,0.10414078086614609,0.1212087869644165,-0.15182432532310486,-0.06120250001549721,0.11968672275543213,-0.14513923227787018,0.007841325365006924,0.00536836963146925,0.2760111093521118,0.00702408142387867,-0.11640114337205887,-0.20194150507450104,0.07834510505199432,-0.19245722889900208,-0.1321576088666916,0.07263869047164917,-0.15864022076129913,-0.12893033027648926,-0.32714757323265076,-0.001714153215289116,0.35930708050727844,0.16047583520412445,-0.14889848232269287,0.12431072443723679,-0.014126207679510117,-0.02573072910308838,0.1841120570898056,0.12140464037656784,-0.0643894299864769,-0.04914158210158348,-0.15770095586776733,0.013354669325053692,0.2566119432449341,-0.04787391051650047,-0.06466488540172577,0.1659572571516037,0.02367175742983818,0.07052362710237503,0.05973164364695549,0.006174654234200716,-0.08407361805438995,-0.019813217222690582,-0.1836366057395935,-0.03896671161055565,0.05944456905126572,-0.04048144072294235,-0.03320308029651642,0.18721425533294678,-0.16849768161773682,0.12463141232728958,-0.048524439334869385,0.006646713241934776,0.01729663833975792,0.0025752615183591843,-0.10349305719137192,-0.04640529677271843,0.12426131963729858,-0.18804165720939636,0.16164585947990417,0.14596927165985107,0.05931684374809265,0.09593715518712997,0.1797027885913849,0.0548059456050396,-0.06339513510465622,0.018454555422067642,-0.2678166925907135,-0.04194701462984085,0.11491674184799194,0.03342717885971069,0.20531322062015533,0.004817681852728128
cyz,-0.04120134934782982,0.14040395617485046,0.025869518518447876,-0.06594390422105789,-0.11574076861143112,-0.037145160138607025,-0.06924629956483841,-0.06447603553533554,0.15141677856445312,-0.12222323566675186,0.26838961243629456,-0.015141727402806282,-0.2514505088329315,-0.07290120422840118,-0.021733876317739487,0.16742107272148132,-0.1972661167383194,-0.14564882218837738,-0.041856780648231506,0.021307703107595444,0.023010389879345894,0.048236873000860214,0.064540334045887,0.03673792630434036,-0.10668902099132538,-0.3603392243385315,-0.11451447010040283,-0.029279615730047226,-0.03125376999378204,-0.0430414117872715,-0.06988164782524109,0.049268580973148346,-0.1527777761220932,-0.06727494299411774,0.08826659619808197,0.09935345500707626,-0.058856301009655,-0.045644812285900116,0.24244190752506256,0.0072692641988396645,-0.1976741999387741,0.018387150019407272,0.11120922118425369,0.3214653730392456,0.2667514979839325,0.038276899605989456,0.003501798026263714,-0.1256730556488037,0.12216963618993759,-0.18157660961151123,0.08452671766281128,0.1765626221895218,0.09491472691297531,0.05765634775161743,0.025883786380290985,-0.06638556718826294,0.031479306519031525,0.19114962220191956,-0.11564194411039352,-0.04148657247424126,0.12335341423749924,-0.09680581092834473,-0.013963969424366951,-0.06524109840393066,0.2845442295074463,0.03770769387483597,-0.1364956796169281,-0.2072034776210785,0.09455566108226776,-0.1685989648103714,-0.16406865417957306,0.041828133165836334,-0.18319843709468842,-0.1330547332763672,-0.35340267419815063,0.01220113504678011,0.34721705317497253,0.10967333614826202,-0.15944470465183258,0.08442196995019913,-0.013450052589178085,-0.03304041549563408,0.10972386598587036,0.13989824056625366,-0.05905909836292267,-0.028387341648340225,-0.16149277985095978,0.010782753117382526,0.2784353494644165,-0.054337311536073685,-0.05457999184727669,0.17335134744644165,0.01567530445754528,0.06570135802030563,0.07715970277786255,0.005502511281520128,-0.08005082607269287,-0.0012171734124422073,-0.23403526842594147,-0.013137789443135262,0.004979765973985195,-0.03131438046693802,-0.060727424919605255,0.15907670557498932,-0.1615534871816635,0.09287966787815094,-0.01886119693517685,-0.0018712831661105156,0.010225368663668633,-0.04655037447810173,-0.13635268807411194,-0.09591274708509445,0.12344325333833694,-0.21681423485279083,0.16697582602500916,0.1183817982673645,0.09980586171150208,0.09304220229387283,0.1613316535949707,0.0664513111114502,-0.02851429395377636,0.004442245699465275,-0.2097269594669342,-0.04580387845635414,0.10104531794786453,0.006004354450851679,0.1871187835931778,0.003015564288944006
cyz,-0.003970910795032978,0.07988369464874268,0.007022441364824772,-0.06308084726333618,-0.07637222856283188,-0.054778166115283966,-0.07044336944818497,-0.06636891514062881,0.1423858106136322,-0.11993667483329773,0.18888762593269348,-0.012376978062093258,-0.23493587970733643,-0.049699317663908005,-0.037386391311883926,0.1613990217447281,-0.16837859153747559,-0.1408420354127884,-0.059335194528102875,0.03332570940256119,0.05372977256774902,0.05775895342230797,0.009165007621049881,0.0045603541657328606,-0.10075977444648743,-0.2836168706417084,-0.11055181175470352,-0.06334207206964493,-0.045002520084381104,-0.03641114383935928,-0.044493477791547775,0.03976631537079811,-0.11344718188047409,-0.01584707759320736,0.07531682401895523,0.0864776223897934,-0.030385643243789673,-0.06356460601091385,0.21680708229541779,0.02773233875632286,-0.23446986079216003,0.01848151907324791,0.06906738132238388,0.2608739137649536,0.24768905341625214,0.027035295963287354,-0.0031614750623703003,-0.13043299317359924,0.1330704689025879,-0.191484734416008,0.0025241803377866745,0.13980087637901306,0.07178858667612076,0.06124214828014374,0.03314226493239403,-0.10607434064149857,0.06849461048841476,0.10983074456453323,-0.12882806360721588,-0.0704357698559761,0.0917687937617302,-0.11832927912473679,-0.031944550573825836,-0.065589539706707,0.23864060640335083,-0.010978952050209045,-0.13538917899131775,-0.2002968192100525,0.08401580154895782,-0.18869799375534058,-0.15261338651180267,0.07757775485515594,-0.16099824011325836,-0.13662880659103394,-0.34638696908950806,-0.014734623953700066,0.36695095896720886,0.14083793759346008,-0.1511157751083374,0.1214803084731102,-0.02145504206418991,-0.008134275674819946,0.12424493581056595,0.12219834327697754,-0.023785896599292755,0.02777903527021408,-0.1578538566827774,-0.014038852415978909,0.2600712180137634,-0.09766291081905365,-0.04196140542626381,0.13387081027030945,-0.010788309387862682,0.11569543927907944,0.019902274012565613,-0.01789873279631138,-0.057844359427690506,0.010284790769219398,-0.16882948577404022,-0.02261647954583168,0.056945059448480606,0.004912328906357288,-0.016291333362460136,0.14810389280319214,-0.13148987293243408,0.10364267230033875,-0.017117518931627274,-0.005640088114887476,0.001984869595617056,-0.031512271612882614,-0.12598079442977905,-0.04532706364989281,0.135030597448349,-0.20897610485553741,0.1515333205461502,0.13215003907680511,0.07876680046319962,0.05723593384027481,0.16054965555667877,0.04973583668470383,-0.07604257017374039,0.010187901556491852,-0.25766420364379883,-0.05027477443218231,0.08578478544950485,0.028359029442071915,0.16897052526474,-0.011364942416548729
cyz,-0.01717185787856579,0.14480936527252197,-0.006007655989378691,-0.03452282026410103,-0.11312691867351532,-0.05898130312561989,-0.07398451864719391,-0.07590436935424805,0.14156538248062134,-0.12264107912778854,0.1720982789993286,-0.006284279283136129,-0.23678237199783325,-0.03226718679070473,-0.03679884597659111,0.16105705499649048,-0.17182372510433197,-0.16218121349811554,-0.045599788427352905,0.016495006158947945,0.07495332509279251,0.08667412400245667,0.023556355386972427,0.04486322030425072,-0.055464006960392,-0.32755303382873535,-0.09388191998004913,-0.044791318476200104,-0.0029443930834531784,-0.05697862431406975,-0.07431162148714066,0.032870594412088394,-0.13931313157081604,-0.060271523892879486,0.09091956168413162,0.0857129842042923,-0.011405928060412407,-0.0599672794342041,0.21921835839748383,0.01371796615421772,-0.21452675759792328,0.06460633873939514,0.1106862723827362,0.2902167737483978,0.26337912678718567,0.056688304990530014,-0.016968531534075737,-0.16615526378154755,0.13360421359539032,-0.19809602200984955,0.03910858929157257,0.12761379778385162,0.09773734956979752,0.0589822418987751,0.010691272094845772,-0.15076257288455963,0.04738961160182953,0.07427568733692169,-0.17184990644454956,-0.04736714065074921,0.09797052294015884,-0.0955292284488678,-0.019051000475883484,-0.05194251984357834,0.26226672530174255,0.013897179625928402,-0.11073711514472961,-0.20636281371116638,0.0726073831319809,-0.23804131150245667,-0.1397964358329773,0.07035110890865326,-0.1382274031639099,-0.11720338463783264,-0.34777164459228516,-0.007889125496149063,0.36355486512184143,0.15477123856544495,-0.1480255275964737,0.1048780307173729,-0.01145036332309246,-0.006249961443245411,0.11412633955478668,0.1091008111834526,-0.07344119995832443,-0.007999186404049397,-0.1628112643957138,0.023721901699900627,0.2697570323944092,-0.056914784014225006,-0.07680114358663559,0.1677686870098114,0.025866396725177765,0.12283848226070404,0.05669844150543213,0.02351655438542366,-0.0835937112569809,-0.017201201990246773,-0.21765509247779846,-0.035650286823511124,0.01972535066306591,0.0001903083175420761,-0.020245226100087166,0.17866523563861847,-0.1608254313468933,0.07871503382921219,-0.049188822507858276,-0.025445304811000824,-0.012436563149094582,-0.016894495114684105,-0.14717787504196167,-0.06081937998533249,0.12269867956638336,-0.19847027957439423,0.16854365170001984,0.13458538055419922,0.09369061142206192,0.08595385402441025,0.14740882813930511,0.03908641263842583,-0.04498186707496643,-0.019513016566634178,-0.23288258910179138,-0.044655393809080124,0.11223838478326797,0.01115329097956419,0.19042916595935822,0.006462075747549534
wxy,-0.10998731106519699,0.0798012986779213,0.01725476235151291,-0.04325278475880623,-0.09405787289142609,-0.11858031898736954,-0.042163100093603134,-0.09601262211799622,0.11766912043094635,0.021432101726531982,0.3147532343864441,-0.023092206567525864,-0.13564284145832062,-0.13992129266262054,-0.03789065033197403,0.2313786745071411,-0.2556101381778717,-0.1423424631357193,0.0007455889135599136,-0.014595543965697289,0.05970250815153122,-0.04501132294535637,0.03747832030057907,0.08937126398086548,-0.08143386244773865,-0.34586769342422485,-0.057089079171419144,-0.13977815210819244,0.031140591949224472,-0.027387356385588646,0.0009346138685941696,0.053898390382528305,-0.19890615344047546,-0.09261438250541687,0.021953778341412544,0.03957270458340645,-0.0026003310922533274,-0.07140588760375977,0.24393486976623535,-0.028094464913010597,-0.268398642539978,0.03779037296772003,0.07721440494060516,0.29147422313690186,0.14799325168132782,-0.01730046048760414,0.08806661516427994,-0.1167508065700531,0.061571136116981506,-0.15295404195785522,0.03310109302401543,0.1365029364824295,0.13027353584766388,0.016200033947825432,-0.0773664340376854,-0.13073870539665222,0.0614769421517849,0.1272498518228531,-0.24500145018100739,0.01799716055393219,0.10292911529541016,-0.049129389226436615,0.020054373890161514,-0.054913997650146484,0.24996577203273773,0.10576029121875763,-0.11973981559276581,-0.1668740212917328,0.06982076168060303,-0.1221756711602211,-0.10094097256660461,0.06284809857606888,-0.15993574261665344,-0.2349223643541336,-0.4292198419570923,-0.0035133827477693558,0.38131222128868103,0.06761925667524338,-0.20163172483444214,0.03938131034374237,-0.07779408991336823,-0.012661918997764587,0.13911834359169006,0.15884923934936523,-0.041059136390686035,0.041459355503320694,-0.15954849123954773,0.0006824610754847527,0.20213815569877625,-0.054016727954149246,-0.05466504022479057,0.18929852545261383,0.027984999120235443,0.04139202833175659,-0.005459859035909176,0.12788903713226318,-0.021094661206007004,0.08279437571763992,-0.11344455927610397,0.04416909068822861,-0.00762705784291029,-0.005657011643052101,0.011293801479041576,0.09807904064655304,-0.1858801245689392,0.05785352736711502,0.03268793597817421,0.018550407141447067,-0.05008474737405777,0.018827687948942184,-0.04600963741540909,-0.11773478239774704,0.0988810732960701,-0.20465555787086487,0.20550386607646942,0.23828773200511932,0.07973330467939377,0.14063090085983276,0.10620243102312088,0.030599871650338173,-0.0672135055065155,-0.08445031195878983,-0.19701337814331055,0.05672638490796089,0.06374780088663101,-0.016889875754714012,0.12996305525302887,0.0700046718120575
wxy,-0.13716574013233185,0.06600727140903473,0.026610029861330986,-0.07850754261016846,-0.09357667714357376,-0.11533871293067932,-0.07562030851840973,-0.13164333999156952,0.14284758269786835,-0.017381634563207626,0.30888792872428894,-0.05998114123940468,-0.13461457192897797,-0.1446055918931961,-0.07575927674770355,0.21420153975486755,-0.24530690908432007,-0.132736474275589,-0.03325138986110687,-0.006938205100595951,0.07106851041316986,-0.009217196144163609,0.05314963683485985,0.04996390640735626,-0.05906643718481064,-0.3807944655418396,-0.07073650509119034,-0.13475246727466583,0.059373900294303894,-0.04980970546603203,-0.023452650755643845,0.05264660343527794,-0.22159934043884277,-0.11664967238903046,0.05654340982437134,0.1018146276473999,0.0016533146845176816,-0.06287286430597305,0.2321278303861618,-0.049682170152664185,-0.24652543663978577,0.005870163440704346,0.06178206577897072,0.24398823082447052,0.13673263788223267,0.022289590910077095,0.06464260071516037,-0.12944869697093964,0.07639825344085693,-0.1547471582889557,0.05457519739866257,0.1378900706768036,0.0886039063334465,0.0068483296781778336,-0.031687937676906586,-0.11780056357383728,0.023754140362143517,0.13917768001556396,-0.18377220630645752,0.0064273132011294365,0.12703044712543488,-0.1343444436788559,-0.049565378576517105,-0.11725939065217972,0.22819499671459198,0.08353209495544434,-0.1036534383893013,-0.15295282006263733,0.10939962416887283,-0.09196383506059647,-0.06411595642566681,0.04687869921326637,-0.1217091754078865,-0.17732959985733032,-0.3535824418067932,-0.027298633009195328,0.3881116211414337,0.05884825810790062,-0.21161767840385437,0.0499909371137619,-0.08856135606765747,-0.01767241582274437,0.07928208261728287,0.12650400400161743,-0.014290085062384605,0.0948638767004013,-0.14605951309204102,-0.011740571819245815,0.19613878428936005,-0.06455571949481964,0.012551762163639069,0.17140504717826843,-0.02475598454475403,0.0459810234606266,0.028565410524606705,0.0669819638133049,-0.06894277781248093,0.00763501925393939,-0.1113501787185669,-0.014350404031574726,0.026276931166648865,-0.03563355654478073,-0.018616728484630585,0.070906862616539,-0.17701423168182373,0.09002983570098877,-0.0038339588791131973,-0.006767303217202425,-0.02054082602262497,-0.05026193708181381,0.01715930923819542,-0.09686464816331863,0.1395188421010971,-0.17107944190502167,0.20720627903938293,0.1996959149837494,0.07068642973899841,0.19891251623630524,0.09052740782499313,0.08074932545423508,-0.0886186957359314,-0.05420048162341118,-0.20538027584552765,-0.02082095853984356,0.05239902809262276,0.004081824794411659,0.13154448568820953,0.035443853586912155
wxy,-0.13401111960411072,0.07280852645635605,0.021372586488723755,-0.032665591686964035,-0.11064941436052322,-0.11042849719524384,-0.06630442291498184,-0.12804071605205536,0.12784016132354736,-0.029533512890338898,0.3040599524974823,-0.04504427686333656,-0.16645798087120056,-0.1362539678812027,-0.08701635152101517,0.2119472324848175,-0.27384716272354126,-0.12006102502346039,0.029105020686984062,0.005453980527818203,0.12039750814437866,-0.01792658492922783,0.043381646275520325,0.06067824363708496,-0.04870293289422989,-0.3744639456272125,-0.10141359269618988,-0.10786651819944382,0.08004321157932281,-0.055297382175922394,-0.011913969181478024,0.06903629004955292,-0.18930408358573914,-0.10724294930696487,0.03008977323770523,0.07375591993331909,0.005080954171717167,-0.05471886694431305,0.2236914038658142,-0.04241792485117912,-0.2544257640838623,0.00879830215126276,0.07634733617305756,0.2812720537185669,0.18440662324428558,0.007221349515020847,0.039104823023080826,-0.12657280266284943,0.05933476239442825,-0.13825710117816925,0.07617969065904617,0.1394018828868866,0.14861947298049927,0.026548806577920914,-0.06562716513872147,-0.1318216174840927,0.018228914588689804,0.17699386179447174,-0.20165860652923584,0.03716738149523735,0.14700506627559662,-0.12242957949638367,-0.011084260419011116,-0.06136911362409592,0.21351943910121918,0.07978954911231995,-0.11265847831964493,-0.16753827035427094,0.13446612656116486,-0.11525192856788635,-0.07895355671644211,0.048044200986623764,-0.1532229483127594,-0.19970431923866272,-0.3495706617832184,-0.00657549686729908,0.398001104593277,0.07201606035232544,-0.18917979300022125,0.03797803446650505,-0.05627439171075821,-0.011505215428769588,0.10985220968723297,0.16616101562976837,-0.03274430334568024,0.026137005537748337,-0.14249275624752045,0.0033249976113438606,0.14904756844043732,-0.027467023581266403,-0.02687152847647667,0.21336248517036438,-0.004098915494978428,0.04952400177717209,0.04852787032723427,0.08423984050750732,-0.03960276022553444,0.05011015757918358,-0.12900137901306152,-0.026488298550248146,0.006108828354626894,-0.06705640256404877,0.0019611851312220097,0.10870833694934845,-0.1494467854499817,0.10007446259260178,0.010772336274385452,0.05903995782136917,0.012424953281879425,-0.03623347356915474,-0.01626000739634037,-0.08372953534126282,0.13716936111450195,-0.17968140542507172,0.20353896915912628,0.1910676211118698,0.09206141531467438,0.17665791511535645,0.10247134417295456,0.09978296607732773,-0.04882232844829559,-0.10196957737207413,-0.23331959545612335,0.04966598376631737,0.0662805512547493,-0.04037705436348915,0.1326874941587448,0.043884001672267914
wxy,-0.07069458067417145,0.07774683088064194,0.037821006029844284,-0.027834445238113403,-0.10171667486429214,-0.07096957415342331,-0.07923997938632965,-0.13882271945476532,0.11619805544614792,-0.02728574350476265,0.3220047056674957,-0.023916257545351982,-0.15513667464256287,-0.1725703477859497,-0.07734580338001251,0.2198086678981781,-0.24335956573486328,-0.1462000608444214,0.03945536911487579,-0.029616214334964752,0.09308968484401703,-0.014449371956288815,0.04656170681118965,0.025378776714205742,-0.09712207317352295,-0.3019860088825226,-0.09891487658023834,-0.12915602326393127,0.08912081271409988,-0.059986501932144165,0.011431451886892319,0.027853166684508324,-0.20533497631549835,-0.08404046297073364,0.0375647246837616,0.0529472716152668,-0.0018280372023582458,-0.06907569617033005,0.23326823115348816,-0.05946442112326622,-0.2174714356660843,0.004287606105208397,0.07550220191478729,0.29644104838371277,0.16121293604373932,0.021040447056293488,0.055744342505931854,-0.11942363530397415,0.08896912634372711,-0.13721518218517303,0.08309748023748398,0.115869902074337,0.12651683390140533,0.06837273389101028,-0.07928973436355591,-0.12697432935237885,0.058388859033584595,0.1741466224193573,-0.2083752304315567,0.06307772547006607,0.13121554255485535,-0.13405069708824158,0.015476508997380733,-0.06855503469705582,0.27467286586761475,0.051354385912418365,-0.09599991142749786,-0.17377817630767822,0.1099371537566185,-0.12730348110198975,-0.09632015228271484,0.0624016597867012,-0.16465628147125244,-0.16940052807331085,-0.3961087763309479,-0.012328287586569786,0.3792710304260254,0.09205271303653717,-0.19299624860286713,0.051080889999866486,-0.01769009605050087,0.026819655671715736,0.12831708788871765,0.17387747764587402,-0.006428869441151619,0.05516137182712555,-0.14151549339294434,-0.008517014794051647,0.21270200610160828,-0.08953364193439484,-0.03940344601869583,0.21209166944026947,-0.010138334706425667,0.045906487852334976,0.032634999603033066,0.056585799902677536,-0.017461417242884636,0.04105129837989807,-0.08939092606306076,0.0019455133005976677,-0.0056970734149217606,-0.032868094742298126,0.036788105964660645,0.09937227517366409,-0.13985104858875275,0.10635576397180557,-0.0021024064626544714,0.055191222578287125,-0.023158997297286987,-0.03584720939397812,-0.012102831155061722,-0.0961013212800026,0.14966097474098206,-0.2001214176416397,0.24188384413719177,0.19200877845287323,0.09598911553621292,0.1684689074754715,0.08426016569137573,0.12270669639110565,-0.08560740202665329,-0.07738999277353287,-0.18580782413482666,0.03445258364081383,0.05356576293706894,-0.04732895642518997,0.17456483840942383,0.05964033305644989
wxy,-0.09797954559326172,0.07961007952690125,0.047669876366853714,-0.03383622691035271,-0.08464246988296509,-0.11703656613826752,-0.05051981285214424,-0.1287868767976761,0.10641838610172272,-0.0006512762047350407,0.2914653718471527,-0.0259433351457119,-0.1241607591509819,-0.1624261736869812,-0.08560026437044144,0.22276756167411804,-0.21272161602973938,-0.1404867023229599,0.002110414206981659,-0.022969596087932587,0.08782435208559036,-0.035131461918354034,0.046602413058280945,0.058408223092556,-0.05904965102672577,-0.31863242387771606,-0.08654992282390594,-0.12866875529289246,0.04932566359639168,-0.06569226831197739,0.02149433270096779,0.02117653749883175,-0.19344723224639893,-0.08920403569936752,0.005537109449505806,0.06603917479515076,-0.024595513939857483,-0.06599841266870499,0.244656503200531,-0.0460333488881588,-0.26573672890663147,0.060111984610557556,0.07033772766590118,0.3074972927570343,0.17289169132709503,-0.003301785560324788,0.07606851309537888,-0.1375187635421753,0.08401519060134888,-0.12930242717266083,0.061735935509204865,0.12533049285411835,0.1343877613544464,0.047677263617515564,-0.070988230407238,-0.10837386548519135,0.05896128714084625,0.13787657022476196,-0.21994632482528687,0.05913771688938141,0.12782758474349976,-0.0970439463853836,0.02394239231944084,-0.057632848620414734,0.2277570217847824,0.06533634662628174,-0.11300179362297058,-0.171349436044693,0.10351596772670746,-0.1570471078157425,-0.09372426569461823,0.06810522824525833,-0.15032970905303955,-0.21420548856258392,-0.41136500239372253,0.019681282341480255,0.39202722907066345,0.0833107978105545,-0.2001364827156067,0.033857204020023346,-0.049934230744838715,0.007288368884474039,0.13383013010025024,0.18855875730514526,-0.020953647792339325,0.05392829701304436,-0.14484277367591858,-0.013500018045306206,0.20867623388767242,-0.07663089036941528,-0.054477766156196594,0.2027338147163391,0.02496337890625,0.04577731341123581,0.005345312412828207,0.09935035556554794,-0.019945047795772552,0.09075132757425308,-0.11443664878606796,0.043675296008586884,-0.011772745288908482,-0.04490656033158302,0.02525893785059452,0.08034113049507141,-0.14951373636722565,0.10308320820331573,0.01993209682404995,0.037936482578516006,-0.04474009573459625,0.010222034528851509,-0.05657712370157242,-0.11063181608915329,0.13990341126918793,-0.18706510961055756,0.24009670317173004,0.2415754348039627,0.10521604120731354,0.14109356701374054,0.127516508102417,0.09542513638734818,-0.04806358367204666,-0.07650119066238403,-0.17874568700790405,0.05587511509656906,0.051185041666030884,-0.02067229524254799,0.14195819199085236,0.07946021854877472
hh,-0.0864730253815651,0.09310483932495117,0.007835576310753822,-0.02088504284620285,-0.03381256014108658,-0.046459976583719254,-0.022425416857004166,-0.20849661529064178,0.16988541185855865,-0.12063690274953842,0.2052931934595108,-0.046506673097610474,-0.2618929147720337,-0.1116006076335907,-0.052153028547763824,0.16261863708496094,-0.2015811949968338,-0.13721516728401184,-0.04586823657155037,-0.029864601790905,0.09141609817743301,0.029465356841683388,0.02068808116018772,0.06978434324264526,-0.021961035206913948,-0.36432597041130066,-0.1321057677268982,-0.08594533056020737,0.016171004623174667,-0.03941302001476288,-0.10807602107524872,0.01667223684489727,-0.18372324109077454,-0.11155283451080322,0.02621685154736042,0.0958138108253479,-0.04409056156873703,-0.04600014537572861,0.16076213121414185,-0.028632447123527527,-0.15471906960010529,0.045106373727321625,0.07827940583229065,0.24025551974773407,0.18457339704036713,0.076104536652565,0.028397275134921074,-0.16956527531147003,0.11530768871307373,-0.12050092965364456,0.026171069592237473,0.14083798229694366,0.12663254141807556,0.08907672017812729,-0.01142999716103077,-0.16250190138816833,-0.020998869091272354,0.07916794717311859,-0.15041472017765045,0.08760227262973785,0.1061011329293251,-0.15662696957588196,-0.03393438830971718,-0.02944052778184414,0.20848990976810455,0.0521354153752327,-0.1055402010679245,-0.20012986660003662,0.10519102215766907,-0.22447213530540466,-0.0889345109462738,0.021956931799650192,-0.13178858160972595,-0.1866358518600464,-0.28014838695526123,0.01387298759073019,0.3665202260017395,0.10022155940532684,-0.15501216053962708,0.07377414405345917,-0.06293445825576782,-0.020698916167020798,0.13656969368457794,0.16626474261283875,0.0011182110756635666,0.052120331674814224,-0.13342584669589996,0.017093587666749954,0.2150721251964569,-0.0688195750117302,-0.02925635315477848,0.2508460283279419,-0.03207167983055115,0.10936719924211502,0.05097793787717819,0.0458749495446682,-0.08450324833393097,0.05322137847542763,-0.12804870307445526,-0.01492701843380928,0.03842487931251526,-0.0543358288705349,0.026555683463811874,0.03549077361822128,-0.09196921437978745,0.09713652729988098,-0.027714354917407036,0.07148003578186035,0.020534569397568703,-0.05208630487322807,-0.13120649755001068,-0.08562125265598297,0.15119393169879913,-0.23235809803009033,0.224246084690094,0.17819781601428986,0.048047494143247604,0.14475876092910767,0.08402809500694275,0.12022808194160461,0.00722923967987299,-0.03994634374976158,-0.20971833169460297,-0.014882008545100689,0.1033768504858017,0.023021962493658066,0.1144128143787384,0.004692109767347574
hh,-0.09452188014984131,0.09453242272138596,0.049865543842315674,-0.03965295851230621,-0.09075726568698883,-0.025058288127183914,-0.06742819398641586,-0.14791016280651093,0.16106101870536804,-0.1264488697052002,0.20375683903694153,-0.08583181351423264,-0.22855277359485626,-0.06907155364751816,-0.06683732569217682,0.1898874044418335,-0.15625779330730438,-0.14733588695526123,-0.030990134924650192,0.04643874615430832,0.1016877219080925,0.0010358451399952173,-0.0530264638364315,0.058038994669914246,-0.05303969606757164,-0.35873088240623474,-0.14287394285202026,-0.053104203194379807,0.00914796069264412,-0.04826647788286209,-0.14840669929981232,0.021081238985061646,-0.16073694825172424,-0.07422463595867157,0.02624114602804184,0.15321557223796844,0.01694188080728054,-0.08144041150808334,0.13741178810596466,-0.036790624260902405,-0.24330197274684906,0.04098168760538101,0.09765523672103882,0.21994924545288086,0.1756824105978012,0.05880554020404816,0.024701818823814392,-0.09717390686273575,0.11804697662591934,-0.1551080048084259,0.04866114258766174,0.12475080043077469,0.12144666165113449,0.07673473656177521,0.02029787003993988,-0.16358132660388947,-0.0057838186621665955,0.125571608543396,-0.12473631650209427,0.030570192262530327,0.09551657736301422,-0.13585056364536285,-0.0017672404646873474,-0.03873896598815918,0.24098694324493408,0.11718937009572983,-0.0781288892030716,-0.2039676457643509,0.15103574097156525,-0.1742197424173355,-0.09298448264598846,0.0019276784732937813,-0.178656667470932,-0.13459762930870056,-0.32528379559516907,0.04764782637357712,0.42359215021133423,0.10612091422080994,-0.15886090695858002,0.10325087606906891,-0.026353593915700912,0.01198289543390274,0.13869191706180573,0.13036316633224487,0.001401510089635849,0.05586744844913483,-0.13713060319423676,0.0176539309322834,0.27957427501678467,-0.06835220754146576,-0.0002079779515042901,0.1598215401172638,-0.032457929104566574,0.08182475715875626,0.03454397991299629,0.006839166395366192,-0.028025921434164047,0.017225708812475204,-0.1334409862756729,0.002848575823009014,0.05829072743654251,-0.04459192976355553,-0.00010629813186824322,0.11621681600809097,-0.14890041947364807,0.02478952519595623,-0.002785655204206705,0.024512596428394318,0.011626193299889565,0.01642150804400444,-0.12316732853651047,-0.06658519059419632,0.1474154144525528,-0.20934168994426727,0.23239457607269287,0.15281587839126587,0.048682309687137604,0.09585021436214447,0.10760749131441116,0.10941529273986816,0.03358936309814453,-0.03624286502599716,-0.17940855026245117,-0.04959395155310631,0.11966462433338165,0.016424110159277916,0.11315694451332092,0.03514246642589569
hh,-0.10369373112916946,0.15968450903892517,0.07371541112661362,-0.018564414232969284,-0.09575539082288742,-0.05347992852330208,-0.03893120586872101,-0.19679412245750427,0.12758393585681915,-0.0891413688659668,0.26719895005226135,-0.08932091295719147,-0.21480031311511993,-0.06943191587924957,-0.0802241712808609,0.19641868770122528,-0.20265480875968933,-0.13484087586402893,-0.03992552310228348,0.01034862082451582,0.16292324662208557,0.009113454259932041,-0.0068516721948981285,0.04762835055589676,-0.04607870429754257,-0.3482639789581299,-0.0777042806148529,-0.03187579661607742,0.061995577067136765,-0.05048103258013725,-0.10830634832382202,0.005640634801238775,-0.23234352469444275,-0.10044790804386139,0.010175683535635471,0.13192470371723175,-0.016967136412858963,-0.08818645775318146,0.14146992564201355,-0.07988493144512177,-0.23735135793685913,0.07902397215366364,0.12222637236118317,0.16623972356319427,0.22127634286880493,0.053607694804668427,0.0353521965444088,-0.17762023210525513,0.07946709543466568,-0.16204798221588135,0.002751903608441353,0.1327013075351715,0.0930439680814743,0.06287980079650879,-0.009721128270030022,-0.1879912167787552,-0.046861983835697174,0.13474375009536743,-0.11860734969377518,0.02606324292719364,0.11157769709825516,-0.10750463604927063,0.03171760216355324,-0.08005502074956894,0.19174586236476898,0.05914779379963875,-0.08716616779565811,-0.16668084263801575,0.07962612062692642,-0.1947057992219925,-0.08896175026893616,0.044012848287820816,-0.11641589552164078,-0.1732986569404602,-0.3254142999649048,0.011136753484606743,0.4179588556289673,0.07135340571403503,-0.15221749246120453,0.07550466060638428,-0.015915075317025185,-0.013295432552695274,0.14609016478061676,0.13139532506465912,0.0071348585188388824,0.026890331879258156,-0.1455787718296051,0.01832360401749611,0.2787306606769562,-0.05661335214972496,0.017808208242058754,0.21710911393165588,-0.048843927681446075,0.07633791118860245,0.015891095623373985,0.060586411505937576,-0.07551827281713486,0.052306730300188065,-0.12106361240148544,-0.006392338313162327,-0.030243530869483948,-0.0607888363301754,-0.021051472052931786,0.08806060999631882,-0.1446668654680252,0.01989177241921425,-0.0446186400949955,0.04791276156902313,-0.012209730222821236,-0.06518027931451797,-0.0770493671298027,-0.03870795667171478,0.13979312777519226,-0.19940310716629028,0.2278927117586136,0.19645337760448456,0.011996891349554062,0.12447462975978851,0.12907010316848755,0.10216328501701355,0.027268603444099426,-0.03149862959980965,-0.2022293210029602,-0.009815015830099583,0.1031859889626503,-0.04855651408433914,0.1276513785123825,0.002110387198626995
hh,-0.07463335990905762,0.14472037553787231,0.06252153217792511,-0.08035653084516525,-0.08269176632165909,-0.02075653336942196,-0.06328791379928589,-0.14930444955825806,0.1407335251569748,-0.11398112773895264,0.22693946957588196,-0.058786094188690186,-0.2636905908584595,-0.05059317499399185,-0.06737905740737915,0.19939300417900085,-0.19524405896663666,-0.1745477318763733,-0.042725756764411926,0.034717775881290436,0.12702301144599915,0.016101812943816185,0.001368617988191545,0.04972649738192558,-0.05366911366581917,-0.33038467168807983,-0.10924059897661209,0.0013614119961857796,0.014496761374175549,-0.06760792434215546,-0.13282613456249237,0.012548914179205894,-0.1933436244726181,-0.07473738491535187,0.04407721012830734,0.11793051660060883,-0.019378306344151497,-0.11379458010196686,0.15477974712848663,-0.016893886029720306,-0.25696712732315063,0.05891688913106918,0.1054043397307396,0.2032226324081421,0.17532338201999664,0.0070118471048772335,0.043274860829114914,-0.17618364095687866,0.07330255210399628,-0.17231306433677673,0.06527909636497498,0.1633145958185196,0.10971340537071228,0.07771237194538116,-0.006946704350411892,-0.15012609958648682,-0.028620626777410507,0.15587890148162842,-0.0822097584605217,0.054950885474681854,0.12123110145330429,-0.11674254387617111,-0.009459610097110271,-0.09348800033330917,0.18738923966884613,0.09268875420093536,-0.10984902828931808,-0.25231239199638367,0.09443451464176178,-0.14965364336967468,-0.15396709740161896,0.05315437167882919,-0.14905326068401337,-0.1483038067817688,-0.31209221482276917,0.014673307538032532,0.38539156317710876,0.0736728385090828,-0.17446015775203705,0.10013088583946228,-0.04781743511557579,-0.017447903752326965,0.09735731035470963,0.18076564371585846,-0.017452336847782135,0.08232197165489197,-0.11312073469161987,0.02601187489926815,0.29176896810531616,-0.06198158487677574,-0.03758561611175537,0.21723753213882446,-0.015088171698153019,0.09795332700014114,0.054888997226953506,0.052681807428598404,-0.024795807898044586,0.0173661932349205,-0.15463009476661682,-0.025391660630702972,0.01619909703731537,-0.07521010935306549,-0.05122245475649834,0.12290604412555695,-0.1464068591594696,0.040581781417131424,-0.014270338229835033,0.039220865815877914,0.03431285545229912,-0.002662769053131342,-0.10137242078781128,-0.09516716748476028,0.12825101613998413,-0.23019936680793762,0.20530292391777039,0.204531729221344,0.08709724992513657,0.0628989189863205,0.1492159366607666,0.1063912957906723,0.0650738999247551,-0.027549482882022858,-0.1817321628332138,-0.021601414307951927,0.12411490082740784,0.008314555510878563,0.09413529932498932,0.018488341942429543
hh,-0.09282823652029037,0.0939798504114151,0.049503058195114136,-0.04720316827297211,-0.0939081683754921,-0.04655204340815544,-0.07089398801326752,-0.17289169132709503,0.0757494568824768,-0.14405027031898499,0.23405145108699799,-0.04801257699728012,-0.2344103455543518,-0.06874983012676239,-0.07699868083000183,0.18048624694347382,-0.17060624063014984,-0.1610221564769745,-0.041427791118621826,0.043646760284900665,0.11700385063886642,0.004060341045260429,-0.011031943373382092,0.06302209943532944,-0.06674779206514359,-0.3457397520542145,-0.10698941349983215,-0.03545812517404556,-0.014034464955329895,-0.042036835104227066,-0.10962291061878204,-0.019665254279971123,-0.16799324750900269,-0.0616425946354866,0.019765637814998627,0.06877105683088303,-0.02277018502354622,-0.10775492340326309,0.15133805572986603,-0.0001644166186451912,-0.25750619173049927,0.05414308235049248,0.08765722811222076,0.2291107326745987,0.21099425852298737,0.016767095774412155,0.032388340681791306,-0.15259899199008942,0.10760051757097244,-0.23798984289169312,0.03183295205235481,0.12563484907150269,0.07367914915084839,0.0820058286190033,-0.022302689030766487,-0.13698354363441467,0.01103127095848322,0.0963023453950882,-0.11468685418367386,0.06093210354447365,0.10422147810459137,-0.13094285130500793,0.008497104048728943,-0.07853235304355621,0.18420909345149994,0.09714525192975998,-0.12596365809440613,-0.18665792047977448,0.06224091351032257,-0.2098531275987625,-0.12683869898319244,0.009642690420150757,-0.13992029428482056,-0.17468175292015076,-0.3456757068634033,0.01673227921128273,0.3818681240081787,0.14512868225574493,-0.17573662102222443,0.0456501841545105,-0.04604596644639969,0.02766082063317299,0.1434144377708435,0.15556326508522034,0.011165257543325424,0.020632866770029068,-0.12749797105789185,0.00037551578134298325,0.27302294969558716,-0.06531143933534622,-0.039128273725509644,0.2431849092245102,-0.025071026757359505,0.08952224254608154,0.07540591061115265,0.10969411581754684,-0.08183659613132477,0.006804139353334904,-0.12018044292926788,0.020282365381717682,0.01923098787665367,-0.07018978148698807,0.010048860684037209,0.12123961746692657,-0.12697583436965942,0.09415458887815475,-0.058344461023807526,0.05220777168869972,0.049330081790685654,-0.018267091363668442,-0.11151120066642761,-0.08646955341100693,0.09987211227416992,-0.15592099726200104,0.20746935904026031,0.20308749377727509,0.09121482074260712,0.09796436131000519,0.15336939692497253,0.07597744464874268,-0.021195942535996437,-0.007419021800160408,-0.17294219136238098,-0.039369966834783554,0.0788290798664093,0.004463429097086191,0.10178721696138382,-0.005152784753590822
hh,-0.05349879339337349,0.07988493144512177,0.052442532032728195,-0.021103044971823692,-0.051589325070381165,-0.11656215786933899,-0.03045652061700821,-0.1825203001499176,0.0466618649661541,-0.11950311064720154,0.2437821328639984,-0.0623430572450161,-0.23062719404697418,-0.10669929534196854,-0.044363636523485184,0.14335741102695465,-0.14835351705551147,-0.09772633016109467,-0.06242690235376358,0.012884039431810379,0.12562692165374756,0.006702018436044455,0.033867333084344864,0.003945111762732267,-0.05900268629193306,-0.37022867798805237,-0.16039420664310455,-0.06397377699613571,-0.0009304555132985115,-0.03798815608024597,-0.04708064720034599,0.012064232490956783,-0.15707601606845856,-0.07974062114953995,0.01352863758802414,0.0783780887722969,0.010120071470737457,-0.0656968504190445,0.13726173341274261,-0.013742332346737385,-0.19464658200740814,0.03767760470509529,0.0873696580529213,0.2203817218542099,0.19081930816173553,0.05137111246585846,0.07050050795078278,-0.15214014053344727,0.07371366769075394,-0.14816413819789886,0.04288893938064575,0.07025154680013657,0.06841114908456802,0.10880840569734573,-0.011529359966516495,-0.10021272301673889,0.06874679028987885,0.09474699199199677,-0.1839970499277115,0.04717140644788742,0.14682331681251526,-0.14332571625709534,-0.01685401424765587,-0.017325133085250854,0.2062150537967682,0.027357427403330803,-0.11808232218027115,-0.12635505199432373,0.09043668210506439,-0.22530105710029602,-0.07673642039299011,0.004602080211043358,-0.13143068552017212,-0.16359494626522064,-0.32493698596954346,0.0430392250418663,0.4148116409778595,0.1481371521949768,-0.154806986451149,0.05021405592560768,-0.06531992554664612,-0.002375023439526558,0.1797141134738922,0.13685005903244019,0.02886148914694786,0.03374321386218071,-0.1320827454328537,0.037242382764816284,0.22987471520900726,-0.06740522384643555,-0.023173756897449493,0.24262315034866333,-0.021429026499390602,0.10516192764043808,0.06614246219396591,0.06290110945701599,-0.0708530992269516,0.025101695209741592,-0.08761131763458252,0.04332306981086731,0.013727711513638496,-0.10575608164072037,-0.006566049065440893,0.06237703189253807,-0.10487473011016846,0.12139812111854553,-0.03178061917424202,0.034857381135225296,0.026263033971190453,-0.05645451322197914,-0.08505652844905853,-0.08223826438188553,0.10974522680044174,-0.2022283971309662,0.18453623354434967,0.21324798464775085,0.06068123131990433,0.13443788886070251,0.09378554672002792,0.11900296062231064,-0.020429346710443497,-0.05217978358268738,-0.20596829056739807,-0.015114588662981987,0.07317383587360382,0.00808754563331604,0.11284027248620987,-0.003783241845667362
hh,-0.0688406452536583,0.0916111171245575,0.05028018355369568,-0.025486858561635017,-0.07815100252628326,-0.07950758188962936,-0.06070256978273392,-0.153697669506073,0.1054917573928833,-0.09834108501672745,0.243653804063797,-0.06690976768732071,-0.19640542566776276,-0.08472137153148651,-0.06357593089342117,0.19256296753883362,-0.1571420282125473,-0.12187188863754272,-0.09976930916309357,0.020186077803373337,0.10868649184703827,-0.017808860167860985,0.031274281442165375,0.027094632387161255,-0.026280447840690613,-0.37124133110046387,-0.11191900819540024,-0.07148513942956924,0.016748346388339996,-0.05208628624677658,-0.09644240140914917,0.0006053769029676914,-0.20679523050785065,-0.10518801212310791,0.009473603218793869,0.11941621452569962,-0.05690088868141174,-0.10740181058645248,0.17749673128128052,-0.05733002722263336,-0.2505894601345062,0.06289757788181305,0.1153063178062439,0.17361512780189514,0.2202858030796051,0.048616379499435425,0.06419485807418823,-0.1500754952430725,0.0975489392876625,-0.15947949886322021,0.010251346044242382,0.1028013825416565,0.10690155625343323,0.07272370159626007,0.00981040857732296,-0.13839012384414673,0.02836744114756584,0.11973902583122253,-0.1461760699748993,0.019268449395895004,0.09592338651418686,-0.11777578294277191,0.0017166538164019585,-0.047626983374357224,0.2355649173259735,0.09322524070739746,-0.09928803890943527,-0.1569494754076004,0.09306210279464722,-0.21493540704250336,-0.058281149715185165,0.04779273271560669,-0.12576782703399658,-0.18019413948059082,-0.33071863651275635,-0.007901791483163834,0.4264725148677826,0.06474154442548752,-0.15274401009082794,0.06171317398548126,-0.029765617102384567,-0.034123022109270096,0.14664821326732635,0.1552933305501938,-0.016399545595049858,0.05315832048654556,-0.13812871277332306,-4.446692764759064e-05,0.2952495515346527,-0.0785963237285614,0.0007768417708575726,0.193345308303833,-0.02750166319310665,0.07630957663059235,0.04543185979127884,0.04571878910064697,-0.05900191515684128,0.01792978309094906,-0.12118853628635406,0.0265406034886837,-0.015014633536338806,-0.09760551154613495,-0.04025775566697121,0.04099564999341965,-0.1120872050523758,0.01754552498459816,-0.03904593735933304,0.031148675829172134,-0.0077209267765283585,-0.057537492364645004,-0.10349778831005096,-0.08684459328651428,0.14022961258888245,-0.18615296483039856,0.19949547946453094,0.19630292057991028,0.027301263064146042,0.11139601469039917,0.14038461446762085,0.11980011314153671,-0.007801050320267677,-0.022497553378343582,-0.20946769416332245,-0.0030598004814237356,0.0899091437458992,0.004818296991288662,0.1304921805858612,0.0008831322193145752
